brand	purchaseamount
15704	449154.8199997327
10786	221273.36999998853
0	88957.71000000392
12908	61599.7199999985
16397	52987.13999999935
30626	44524.7600000007
13310	37686.13000000163
33170	36693.850000001345
17286	36278.90000000058
9886	30633.26000000231
