company	purchaseamount
102113020	761962.2299992932
107989373	136652.57000001264
103700030	115869.43000001508
107675070	109698.4500000001
102840020	76357.61999999953
104900040	58961.510000000366
101600010	58111.49999999977
104400040	51936.17999999955
101200010	51542.929999999884
103800030	47719.36000000101
