chain	  purchasequantity	            purchaseamount
2	1187	3816.359999999964
3	64185	208270.46999998158
4	241797	768203.3599993465
14	96830	365355.97999986657
15	316276	1076159.539999042
17	122166	394265.1099998079
18	208837	691170.5099995221
20	91471	291625.22999992914
58	4199	10249.509999999922
88	102373	326504.5499998833
95	142812	442398.04999978427
205	34521	105117.88999999878
