id	purchaseamount
86252	52967.43000000034
86246	52150.46000000034
57132131	20771.520000000335
83868868	15269.819999999785
67957375	14661.989999999934
58237989	14604.049999999816
91998805	14551.539999999864
94244413	14255.449999999862
54590006	13728.939999999846
56544981	13081.589999999882
